{"cameraMode":{"drawMode":0,"name":"Shaded","section":"Shading Mode"},"sceneLighting":true,"audioPlay":false,"sceneViewState":{"m_AlwaysRefresh":false,"showFog":false,"showSkybox":true,"showFlares":true,"showImageEffects":true,"showParticleSystems":true,"showVisualEffectGraphs":true,"m_FxEnabled":true},"in2DMode":false,"pivot":{"x":37.97162628173828,"y":23.810142517089845,"z":3.848724365234375},"rotation":{"x":0.06381677836179733,"y":-0.03442276641726494,"z":0.002202555537223816,"w":0.9973652958869934},"size":47.10452651977539,"orthographic":false}