{"cameraMode":{"drawMode":0,"name":"Shaded","section":"Shading Mode"},"sceneLighting":true,"audioPlay":false,"sceneViewState":{"m_AlwaysRefresh":false,"showFog":false,"showSkybox":true,"showFlares":true,"showImageEffects":true,"showParticleSystems":true,"showVisualEffectGraphs":true,"m_FxEnabled":true},"in2DMode":false,"pivot":{"x":-0.6308555603027344,"y":0.6878519654273987,"z":-15.36524772644043},"rotation":{"x":0.0647369995713234,"y":-0.24878354370594026,"z":0.016668058931827546,"w":0.9662492871284485},"size":3.2278270721435549,"orthographic":false}